date,url,tweet_id,fullname,user_id,text,hashtags,likes,retweets,location
Fri Jun 04 06:38:43 +0000 2021,<generator object get_tweets.<locals>.<genexpr> at 0x000001A38D0AA900>,1400703545448431616,srivatsayb,Srivatsa,"From Apr 23rd to June 3rd, Amit Shah was NOT SEEN in public

He was HIDING in his house in Delhi's Lutyens

Yesterd‚Ä¶ https://t.co/lX2qlTa9Ga",[],8510,2816,Bengaluru
Fri Jun 04 18:33:10 +0000 2021,<generator object get_tweets.<locals>.<genexpr> at 0x000001A38D0AA970>,1400883340694097920,AskAnshul,Anshul Saxena,"On one side, there are many shocking reports about wastage of Covid vaccines in Rajasthan.

On the other side, Punj‚Ä¶ https://t.co/g9qT01DbBe",[],17405,4506,India
Sat Jun 05 05:25:56 +0000 2021,<generator object get_tweets.<locals>.<genexpr> at 0x000001A38D0AA9E0>,1401047615773413377,GauravPandhi,Gaurav Pandhi,India is world's largest Oxygen producing nation &amp; yet people died on roads because Modi Govt exported oxygen to en‚Ä¶ https://t.co/gaV7KGni7E,[],1598,630,India
Sat Jun 05 18:06:45 +0000 2021,<generator object get_tweets.<locals>.<genexpr> at 0x000001A38D0AAA50>,1401239082403913729,TeronSarmon,Sarmon Teron,"RT @aboyobbhuyan: Just a thought. SEBA-AHSEC students don‚Äôt want ‚Äòmodified mode‚Äô, they want ‚ÄòMODI-fied mode‚Äô.

Follow a uniform decision, s‚Ä¶",[],0,403,
Sat Jun 05 18:06:45 +0000 2021,<generator object get_tweets.<locals>.<genexpr> at 0x000001A38D0AAAC0>,1401239082311708674,ashu123gaur,Ashish Gaur,"RT @saraf_pankaj: ""This time bring Ostrich for Photo sessions. Dont pull me cover your every failure"" Said Angry BirdüòÇ

#PR_Jeevi_Modi http‚Ä¶",['PR_Jeevi_Modi'],0,100,
Sat Jun 05 18:06:41 +0000 2021,<generator object get_tweets.<locals>.<genexpr> at 0x000001A38D0AAB30>,1401239065815572481,caravaggio12,Alf - Europhile - Free PALESTINE,RT @TheLastPersont2: A brief reminder of who is responsible for the rapid spread of the Indian or #DeltaVariant of #COVID19 in the UK - tha‚Ä¶,"['DeltaVariant', 'COVID19']",0,18,South West England
Sat Jun 05 18:06:41 +0000 2021,<generator object get_tweets.<locals>.<genexpr> at 0x000001A38D0AABA0>,1401239065144401921,souravramyani,Sourav Kundu,"RT @sandipGopani_: Unemployment has destroyed the youth of the country.
Instead of providing employment  Modi govt has stopped providing th‚Ä¶",[],0,36,"Kolkata, India"
Sat Jun 05 18:06:41 +0000 2021,<generator object get_tweets.<locals>.<genexpr> at 0x000001A38D0AAC10>,1401239063756042240,amitabha_m,Amitabha ‡¶Ö‡¶Æ‡¶ø‡¶§‡¶æ‡¶≠,@AbhishBanerj The sentence doesn‚Äôt use the word  ‚Äòfascist salute‚Äô. There is no comparison betwn Vishnu‚Äôs palm and f‚Ä¶ https://t.co/938Sx8dSgW,[],0,0,
Sat Jun 05 18:06:39 +0000 2021,<generator object get_tweets.<locals>.<genexpr> at 0x000001A38D0AAC80>,1401239054843211777,godfooder,D,"RT @Anuragkukreti7: Dr. Manmohan Singh was a Hard Working PM,
Narendra Modi is a hardly working PM.",[],0,337,
Sat Jun 05 18:06:38 +0000 2021,<generator object get_tweets.<locals>.<genexpr> at 0x000001A38D0AACF0>,1401239054184718336,1960_rani,Rani pradeep,"@saraf_pankaj @NotAfangirll_ Please RT! Hon. PM Narendra Modi praised Indira
https://t.co/UznDmdsYJd‚Ä¶ https://t.co/WCjLo594Ld",[],0,0,Trivandrum
Sat Jun 05 18:06:38 +0000 2021,<generator object get_tweets.<locals>.<genexpr> at 0x000001A38D0AAD60>,1401239052536344579,RishiChoudhary,Rishi Choudhary,"RT @mac_thimmaiah: Congress was fine when it built
Nehru memorial in 52 acres
Indira memorial in 45 acres
Rajiv memorial in 15 acres

But c‚Ä¶",[],0,123,
Sat Jun 05 18:06:35 +0000 2021,<generator object get_tweets.<locals>.<genexpr> at 0x000001A38D0AADD0>,1401239039970136067,dr_simanchalla,Dr.S.Ranjit ‡¨∏‡¨ø‡¨Æ‡¨æ‡¨û‡≠ç‡¨ö‡¨≥ ‡¨∞‡¨£‡¨ú‡¨ø‡¨§,RT @sonaliranade: Modi‚Äôs priorities have always been clear.  Even national interest comes second. https://t.co/PqRcxzvQzy,[],0,84,"Cuttack, Odisha, India"
Sat Jun 05 18:06:35 +0000 2021,<generator object get_tweets.<locals>.<genexpr> at 0x000001A38D0AAE40>,1401239039726915585,Shayna31435480,Shayna kisan,"RT @sandipGopani_: Unemployment has destroyed the youth of the country.
Instead of providing employment  Modi govt has stopped providing th‚Ä¶",[],0,36,
Sat Jun 05 18:06:34 +0000 2021,<generator object get_tweets.<locals>.<genexpr> at 0x000001A38D0AAEB0>,1401239036660838402,alam_nuri,Alam Nuri,RT @KrisNair1: the reason why Modi don't want to bring black money to India is simple because maximum money are of BJP Leaders,[],0,226,
Sat Jun 05 18:06:33 +0000 2021,<generator object get_tweets.<locals>.<genexpr> at 0x000001A38D0AAF20>,1401239030902128645,pratyus46249546,pratyush,"RT @AamAadmiParty: Why PM Modi, Why?

#ModiProtectsRationMafia https://t.co/dZiHFR8FMo",['ModiProtectsRationMafia'],0,915,
Sat Jun 05 18:06:32 +0000 2021,<generator object get_tweets.<locals>.<genexpr> at 0x000001A38D0AAF90>,1401239026116435970,Amplaza4,Am plaza,"@narendramodi Narendra modi One day I want to be like you, I am a Bengali. I will do the rest of your work the next day",[],0,0,
Sat Jun 05 18:06:32 +0000 2021,<generator object get_tweets.<locals>.<genexpr> at 0x000001A38D0C5040>,1401239025130692608,wdamidoinhere,Saurabh Kishoreüò∑,@abhinandita_m Modi. Nehruddin khandaan should be firmly shunted out. Congress has always been the Trojan Horse fro‚Ä¶ https://t.co/deyAa7tEFp,[],0,0,
Sat Jun 05 18:06:31 +0000 2021,<generator object get_tweets.<locals>.<genexpr> at 0x000001A38D0C50B0>,1401239021322264580,Rishike16634487,‡¥ã‡¥∑‡¥ø‡¥ï‡µá‡¥∂‡µç./Rishikesh ‡•ê. BJP,"RT @BJPLive: Modi government is committed to build new India by strengthening Nari Shakti.

‚Ä¢  Over 20 crore women received more than Rs 30‚Ä¶",[],0,15,Bharat
Sat Jun 05 18:06:30 +0000 2021,<generator object get_tweets.<locals>.<genexpr> at 0x000001A38D0C5120>,1401239020668014592,alifarhanali887,Syed Farhan Shahzad,"RT @GauravPandhi: Perhaps there should be a verified Twitter account called @VaccineShortageIndia which Twitter could un-verify?

That's ou‚Ä¶",[],0,136,"Akola, India"
Sat Jun 05 18:06:29 +0000 2021,<generator object get_tweets.<locals>.<genexpr> at 0x000001A38D0C5190>,1401239014745591813,beingAddu764,Adnan Ahmad Khan,RT @LoyalSalmanFan1: The overacting you have done while tweeting this is more than the combined overacting done by all actors in bollywood‚Ä¶,[],0,62,Kolkata india
Sat Jun 05 18:06:28 +0000 2021,<generator object get_tweets.<locals>.<genexpr> at 0x000001A38D0C5200>,1401239011176321024,NayanDu69786266,Nayan Dutta,"RT @aboyobbhuyan: Just a thought. SEBA-AHSEC students don‚Äôt want ‚Äòmodified mode‚Äô, they want ‚ÄòMODI-fied mode‚Äô.

Follow a uniform decision, s‚Ä¶",[],0,403,"Assam, India"
Sat Jun 05 18:06:28 +0000 2021,<generator object get_tweets.<locals>.<genexpr> at 0x000001A38D0C5270>,1401239009955749888,BilquisSayed,Bilquis Sayed,"RT @sandipGopani_: Unemployment has destroyed the youth of the country.
Instead of providing employment  Modi govt has stopped providing th‚Ä¶",[],0,36,
Sat Jun 05 18:06:27 +0000 2021,<generator object get_tweets.<locals>.<genexpr> at 0x000001A38D0C52E0>,1401239004901625858,Rishike16634487,‡¥ã‡¥∑‡¥ø‡¥ï‡µá‡¥∂‡µç./Rishikesh ‡•ê. BJP,"RT @BJP4India: Modi government is committed to build new India by strengthening Nari Shakti.

‚Ä¢  Over 20 crore women received more than Rs‚Ä¶",[],0,283,Bharat
Sat Jun 05 18:06:22 +0000 2021,<generator object get_tweets.<locals>.<genexpr> at 0x000001A38D0C5350>,1401238984106274817,1960_rani,Rani pradeep,@AminaaKausar @GulRose_views @SharjeelUsmani Please RT! Hon. PM Narendra Modi praised Indira‚Ä¶ https://t.co/UW29K7mN5m,[],0,0,Trivandrum
Sat Jun 05 18:06:22 +0000 2021,<generator object get_tweets.<locals>.<genexpr> at 0x000001A38D0C53C0>,1401238983485444096,MeHonestPerson,Chandravijay Agrawal ‚ùÅ,"RT @KhushiS56294113: Vid of @ArvindKejriwal sir n Modi.. Both the vid got 2M views, AK got 86K n Modi got 71K likes which is nt v big thing‚Ä¶",[],0,17,"Ambikapur, Pune and now Raipur"
Sat Jun 05 18:06:22 +0000 2021,<generator object get_tweets.<locals>.<genexpr> at 0x000001A38D0C5430>,1401238983271608328,Minaxi96,Meenakshi Sharma,"RT @mac_thimmaiah: Congress was fine when it built
Nehru memorial in 52 acres
Indira memorial in 45 acres
Rajiv memorial in 15 acres

But c‚Ä¶",[],0,123,"New Delhi, India"
Sat Jun 05 18:06:20 +0000 2021,<generator object get_tweets.<locals>.<genexpr> at 0x000001A38D0C54A0>,1401238978028707844,Saikuma04693784,Saikumar,"RT @Arvindharmapuri: Modi government is constantly supporting Indian start-ups!

Nearly 20,000 start-ups have been recognized since April 1‚Ä¶",[],0,14,Singapore 
Sat Jun 05 18:06:20 +0000 2021,<generator object get_tweets.<locals>.<genexpr> at 0x000001A38D0C5510>,1401238975893835776,renjjo,Renju Joseph,"RT @srivatsayb: On #WorldEnvironmentDay, hear this gem from Modi

 ""There is no Climate Change. It's we who have changed. You feel cold bec‚Ä¶",['WorldEnvironmentDay'],0,1507,
Sat Jun 05 18:06:19 +0000 2021,<generator object get_tweets.<locals>.<genexpr> at 0x000001A38D0C5580>,1401238974077628416,iam_ms786,Mohd Sarfraj,"RT @AAPAndhra_: Arvind Kejriwal has been fighting against Ration Mafia for decades!

You cannot stop him PM Modi! #ModiProtectsRationMafia‚Ä¶",['ModiProtectsRationMafia'],0,33,
Sat Jun 05 18:06:17 +0000 2021,<generator object get_tweets.<locals>.<genexpr> at 0x000001A38D0C55F0>,1401238965722701826,AnsariS07740620,Ansari Sajid,"RT @AAPKeMemers: #ModiProtectsRationMafia

*Modi Government cancels Arvind Kejriwal's scheme of door step delivery of ration*

Delhites : h‚Ä¶",['ModiProtectsRationMafia'],0,109,
Sat Jun 05 18:06:17 +0000 2021,<generator object get_tweets.<locals>.<genexpr> at 0x000001A38D0C5660>,1401238965282295813,ChhapriSala,Chhapri || #MaskUp üé≠,@abhinandita_m Someone who is dictator. Modi is not good enough. Someone who is tough and can take a strong decisions.,[],0,0,Kabristan
Sat Jun 05 18:06:16 +0000 2021,<generator object get_tweets.<locals>.<genexpr> at 0x000001A38D0C56D0>,1401238960521682946,rvaidya2000,RVAIDYA2000,"RT @1960_rani: @NeetuGarg6 Please RT! Hon. PM Narendra Modi praised Indira
https://t.co/UznDmdsYJd
https://t.co/0xaCu0IqWx
https://t.co/2A9‚Ä¶",[],0,1,
Sat Jun 05 18:06:15 +0000 2021,<generator object get_tweets.<locals>.<genexpr> at 0x000001A38D0C5740>,1401238953802440705,VinitSi50732399,Vinit Singh,"RT @THAKURP48576338: The words of PM Narendra Modi ji so far have been true in promises, while the truth will be in the promises of Shiksha‚Ä¶",[],0,547,
Sat Jun 05 18:06:13 +0000 2021,<generator object get_tweets.<locals>.<genexpr> at 0x000001A38D0C57B0>,1401238946944671745,PRADEIDO,PRAPAW,"@ShekharGupta Twitter was good as long as they sang the song eulogising modi. Now diminishing popularity , modi saw‚Ä¶ https://t.co/OJ8M3bABjD",[],0,0,
Sat Jun 05 18:06:12 +0000 2021,<generator object get_tweets.<locals>.<genexpr> at 0x000001A38D0C5820>,1401238943874490370,nuthan_ch,Nuthan Ch,RT @DiyaMenon6: @kundu_koushani @ApurvaU21 Becos Sushant was not part of d dirty Mafia that ousted him..TV or #Bullydawood all same no diff‚Ä¶,['Bullydawood'],0,3,
Sat Jun 05 18:06:12 +0000 2021,<generator object get_tweets.<locals>.<genexpr> at 0x000001A38D0C5890>,1401238943375388673,KajalSh96262142,Kajal Shaw,RT @BabliPaine: #APPT_MEDIFIT_SSCGD joining do modi ji https://t.co/a9WDO1Jov6,['APPT_MEDIFIT_SSCGD'],0,120,
Sat Jun 05 18:06:11 +0000 2021,<generator object get_tweets.<locals>.<genexpr> at 0x000001A38D0C5900>,1401238940418383873,JChowdh50216402,JChowdhury‚úã.,"RT @RavinderKapur2: Narendra Modi's idea of shifting attention from the core issues engulfing the nation has gone terribly wrong .
Be it Ch‚Ä¶",[],0,61,Assam India 
Sat Jun 05 18:06:11 +0000 2021,<generator object get_tweets.<locals>.<genexpr> at 0x000001A38D0C5970>,1401238939206356995,surajkumarazad3,Railway apprenticeship,RT @techiemanjeet: I‚Äôm seriously unable to understand what was the problem with door step delivery of Ration. It is indeed needed in the ti‚Ä¶,[],0,1,
Sat Jun 05 18:06:11 +0000 2021,<generator object get_tweets.<locals>.<genexpr> at 0x000001A38D0C59E0>,1401238938459672577,SahilAh77896650,Sahil Ahmed,"@himantabiswa sir we don't want modified method we want MODI-fied method, please apply the uniform rule.

Please ca‚Ä¶ https://t.co/yYyQy2PxFv",[],0,0,"‡§Ü‡§∏‡§æ‡§Æ, ‡§≠‡§æ‡§∞‡§§"
Sat Jun 05 18:06:10 +0000 2021,<generator object get_tweets.<locals>.<genexpr> at 0x000001A38D0C5A50>,1401238935108427776,HindostanThugs,Thugs Of Hindostan,"RT @Sathish33448584: AIIMS REPORT CARD

INC RULE
Jawahar lal nehru 
17yrs PM =1AIIMS 
Indira gandhi 
16yrs PM =0AIIMS
Rajiv gandhi 
5yrs PM‚Ä¶",[],0,42,"Muhammadganj, India"
Sat Jun 05 18:06:10 +0000 2021,<generator object get_tweets.<locals>.<genexpr> at 0x000001A38D0C5AC0>,1401238933745274881,b2zen,jacKALL,"@TajinderBagga But now Modi ji is a changed personality 
We shd consider the qualities",[],0,0,patiala
Sat Jun 05 18:06:09 +0000 2021,<generator object get_tweets.<locals>.<genexpr> at 0x000001A38D0C5B30>,1401238932809928706,Mitali61501045,Mitali,@sdeo76 @NavbharatTimes Please don't practice  this cheap journalism especially when you yourself criticize pattalk‚Ä¶ https://t.co/b3NYRWWS13,[],0,0,
Sat Jun 05 18:06:09 +0000 2021,<generator object get_tweets.<locals>.<genexpr> at 0x000001A38D0C5BA0>,1401238932570841089,charlie_chawla,Charlieee,"RT @moronhumor: Modi has been challenged by only ‚ÄúCs‚Äù thru his tenure - Congress, Communists, Chinese, Corona and now Chuski but the bigges‚Ä¶",[],0,29,delhi
Sat Jun 05 18:06:09 +0000 2021,<generator object get_tweets.<locals>.<genexpr> at 0x000001A38D0C5C10>,1401238932537315331,deraj_choudhary,Deraj Choudhary,"RT @mvmeet: Today Yogi ji is celebrating his 49th birthday

Rahul Gandhi is 2 years elder to Yogi ji

Rahul Gandhi hasn't even achieved 1%‚Ä¶",[],0,450,"Jaipur, India"
Sat Jun 05 18:06:09 +0000 2021,<generator object get_tweets.<locals>.<genexpr> at 0x000001A38D0C5C80>,1401238930440085504,1960_rani,Rani pradeep,"@priti5051 @YogeshMeenaINC Please RT! Hon. PM Narendra Modi praised Indira
https://t.co/UznDmdsYJd‚Ä¶ https://t.co/dmmQrvVpBF",[],0,0,Trivandrum
Sat Jun 05 18:06:09 +0000 2021,<generator object get_tweets.<locals>.<genexpr> at 0x000001A38D0C5CF0>,1401238930435940352,jatin2909,‚ò¨ ùïµùñÜùñôùñéùñìùñâùñäùñó ùïæùñéùñìùñåùñç ‚ò¨,"RT @StayingReal0511: Aft being subject to the most devastating Covid 2nd wave,it was only xpected of the Gov to cancel Board Exams.
Modiji‚Ä¶",[],0,59,"Toronto, Ontario"
Sat Jun 05 18:06:09 +0000 2021,<generator object get_tweets.<locals>.<genexpr> at 0x000001A38D0C5D60>,1401238929320280065,ankit_caan,CA ANKIT CHHABRA,"RT @priyapyadav18: Tomorrow is a Sunday all because of the able and visionary leadership of PM Modi ji.
#ThankYouModiJi",['ThankYouModiJi'],0,133,"FARIDABAD,INDIA"
Sat Jun 05 18:06:08 +0000 2021,<generator object get_tweets.<locals>.<genexpr> at 0x000001A38D0C5DD0>,1401238925302059010,souravramyani,Sourav Kundu,"RT @AvirWithINC: WHO IS NEHRU ? 

Nehru was first Prime minister of India , who didn't allow 16th PM ( Narendra Modi ) to develop our count‚Ä¶",[],0,48,"Kolkata, India"
Sat Jun 05 18:06:07 +0000 2021,<generator object get_tweets.<locals>.<genexpr> at 0x000001A38D0C5E40>,1401238923003645955,d_prexa,Kaashi,RT @MeghUpdates: TMC Govt Replaces PM Narendra Modi's Photo with CM Mamata Banerjee's Photo on #CoronaVaccination Certificates in #WestBeng‚Ä¶,['CoronaVaccination'],0,1304,
Sat Jun 05 18:06:07 +0000 2021,<generator object get_tweets.<locals>.<genexpr> at 0x000001A38D0C5EB0>,1401238921950990337,Bougainbilli,Luna lovegood üß∫üëíüçì,@Farji_Insaan Please modi ji put this hairless farzi in jail,[],0,0,Nothing intelligent
Sat Jun 05 18:06:07 +0000 2021,<generator object get_tweets.<locals>.<genexpr> at 0x000001A38D0C5F20>,1401238921342713856,JivanSi04740238,Jivan Singh,"RT @Kisanektamorcha: From signing of 3 Black Farm Bills, Modi govt. had tried every method, adopted every tactic to harm farmers, suppress‚Ä¶",[],0,1771,
Sat Jun 05 18:06:03 +0000 2021,<generator object get_tweets.<locals>.<genexpr> at 0x000001A38D0C5F90>,1401238906348077057,anilyadavkkc,anil yadav kkc,"RT @yadavakhilesh: As many nations have shown, sharing vaccine data saves lives. According to the UK‚Äôs Financial Times, Modi is more concer‚Ä¶",[],0,1036,lucknow
Sat Jun 05 18:06:02 +0000 2021,<generator object get_tweets.<locals>.<genexpr> at 0x000001A38D0CB040>,1401238901839200256,samanveeta,Smitha Desai,"RT @AskAnshul: On one side, there are many shocking reports about wastage of Covid vaccines in Rajasthan.

On the other side, Punjab govt i‚Ä¶",[],0,4506,
Sat Jun 05 18:06:02 +0000 2021,<generator object get_tweets.<locals>.<genexpr> at 0x000001A38D0CB0B0>,1401238901809815555,abdul7645sayyed,dr abdul aziz sayyedüáÆüá≥üáµüá∏,"RT @Nher_who: Mamata Banerjee so far

- Crushed BJP in Election
- Protested against CBI
- Made Modi wait for 30 mins
- Cancelled transfer o‚Ä¶",[],0,1676,"New Delhi, Delhi"
Sat Jun 05 18:06:00 +0000 2021,<generator object get_tweets.<locals>.<genexpr> at 0x000001A38D0CB120>,1401238894755123200,surajkumarazad3,Railway apprenticeship,"RT @munnashahh: Door step delivery was a great concept

Modi will not let anyone else implement it 

He rejected to launch it in Delhi
But‚Ä¶",[],0,1,
Sat Jun 05 18:05:58 +0000 2021,<generator object get_tweets.<locals>.<genexpr> at 0x000001A38D0CB190>,1401238882922897408,sanjayaerry,Sanjay Aerry,"RT @Indian_Analyzer: SOURCES :

Modi government will Re-Define the word #Minority‚ùó

Community with more than 5% of the total population can‚Ä¶",['Minority'],0,73,New Delhi
Sat Jun 05 18:05:56 +0000 2021,<generator object get_tweets.<locals>.<genexpr> at 0x000001A38D0CB200>,1401238875024945152,_sekhon,noor sekhon,"It's been 1 year of farm laws
Over 11 rounds of talks
But modi is still ignoring farmers #repealfarmlaws_now‚Ä¶ https://t.co/Mp3WPVOeUs",['repealfarmlaws_now'],0,0,"London, England"
Sat Jun 05 18:05:55 +0000 2021,<generator object get_tweets.<locals>.<genexpr> at 0x000001A38D0CB270>,1401238871887785985,S100pc,Sachin Kumar,"@arunpudur @sticklemako @ANI @ArvindKejriwal You're insulting Modi by calling someone else Delhi ka Malik

2 rs may be cancelled",[],0,0,Jupiter
Sat Jun 05 18:05:55 +0000 2021,<generator object get_tweets.<locals>.<genexpr> at 0x000001A38D0CB2E0>,1401238871325634561,imrealvikrant,Vikrant,"RT @srivatsayb: On #WorldEnvironmentDay, hear this gem from Modi

 ""There is no Climate Change. It's we who have changed. You feel cold bec‚Ä¶",['WorldEnvironmentDay'],0,1507,"Navi Mumbai, India"
Sat Jun 05 18:05:54 +0000 2021,<generator object get_tweets.<locals>.<genexpr> at 0x000001A38D0CB350>,1401238868716789760,mr_pathan7,MAUSOOF RAFI (ŸÖŸàÿµŸàŸÅ ÿ±ŸÅ€å),RT @postponeneet21: We repeatedly requesting you Modi ji @narendramodi ji to postpone NEET UG exam till October for the safety of young stu‚Ä¶,[],0,72,"kakrala,India"
Sat Jun 05 18:05:54 +0000 2021,<generator object get_tweets.<locals>.<genexpr> at 0x000001A38D0CB3C0>,1401238867039035394,Joji_vm,jaac,"RT @pranavINC: I thought it had something to do with Zero seats to BJP in Kerala. 
But turns out it is Chhota Modi- Kejriwal Sir who calls‚Ä¶",[],0,1,
Sat Jun 05 18:05:53 +0000 2021,<generator object get_tweets.<locals>.<genexpr> at 0x000001A38D0CB430>,1401238861737607171,singhh_vivek,Vivek Singhh,RT @UmeshSi28575867: Modi ji complete your promises for Shikha mitra #HBD‡§Ø‡•ã‡§ó‡•Ä‡§ú‡•Ä_SAVE‡§∂‡§ø‡§ï‡•ç‡§∑‡§æ‡§Æ‡§ø‡§§‡•ç‡§∞ trending https://t.co/4rioOGNqhV,['HBD‡§Ø‡•ã‡§ó‡•Ä‡§ú‡•Ä_SAVE‡§∂‡§ø‡§ï‡•ç‡§∑‡§æ‡§Æ‡§ø‡§§‡•ç‡§∞'],0,76,"‡§≤‡§ñ‡§®‡§ä, ‡§≠‡§æ‡§∞‡§§"
Sat Jun 05 18:05:51 +0000 2021,<generator object get_tweets.<locals>.<genexpr> at 0x000001A38D0CB4A0>,1401238857241305096,ankur_tyagi_13,Ankur Tyagi,"RT @AamAadmiParty: Why PM Modi, Why?

#ModiProtectsRationMafia https://t.co/dZiHFR8FMo",['ModiProtectsRationMafia'],0,915,"Bengaluru, India"
Sat Jun 05 18:05:49 +0000 2021,<generator object get_tweets.<locals>.<genexpr> at 0x000001A38D0CB510>,1401238848617648129,sanyogi48,sanyogita,"RT @RameezINC: Meanwhile youth of Uttar Pradesh are celebrating Ajay Bisht's birthday as an Unemployment Day.

Modi Ji telling to Ajay Bish‚Ä¶",[],0,481,
Sat Jun 05 18:05:49 +0000 2021,<generator object get_tweets.<locals>.<genexpr> at 0x000001A38D0CB580>,1401238845706756098,Rocker90771502,unofficial Andhbhaktüèπ,"RT @priyapyadav18: Tomorrow is a Sunday all because of the able and visionary leadership of PM Modi ji.
#ThankYouModiJi",['ThankYouModiJi'],0,133,
Sat Jun 05 18:05:48 +0000 2021,<generator object get_tweets.<locals>.<genexpr> at 0x000001A38D0CB5F0>,1401238842946985985,Dev6688,üå±Shiv kant,@GSkhansir You should blame on this bloody government also who is responsible for the loss of student's studies. It‚Ä¶ https://t.co/a1hDdkyMEo,[],0,0,Australia
Sat Jun 05 18:05:45 +0000 2021,<generator object get_tweets.<locals>.<genexpr> at 0x000001A38D0CB660>,1401238829202247681,Preeti99881,Preeti,"RT @student0P: Dear Modi Ji Thank you for Cancellation of Board Exams 2021.
Please also help NEET Aspirants. 
They don't want Cancellation‚Ä¶",[],0,21,
Sat Jun 05 18:05:44 +0000 2021,<generator object get_tweets.<locals>.<genexpr> at 0x000001A38D0CB6D0>,1401238825762840581,SikhamoniGondh1,Sikhamoni Gondhia,"RT @RohanBorah14: Now we are on trending 160k,40k more to 200k let's make it happen tonight......
#CancelAssamBoardExams
#CancelExamSaveStu‚Ä¶",['CancelAssamBoardExams'],0,20,
Sat Jun 05 18:05:42 +0000 2021,<generator object get_tweets.<locals>.<genexpr> at 0x000001A38D0CB740>,1401238818934517760,AnsariS07740620,Ansari Sajid,"RT @AamAadmiParty: Home Delivery of:

üçïPizza ‚úîÔ∏è
üçîBurger ‚úîÔ∏è
üëñClothes ‚úîÔ∏è
üì±Smartphones ‚úîÔ∏è

Home Delivery of:

üåæFree Ration for the Poor: ‚ùåNOT‚Ä¶",[],0,634,
Sat Jun 05 18:05:38 +0000 2021,<generator object get_tweets.<locals>.<genexpr> at 0x000001A38D0CB7B0>,1401238801972744194,rahulnischal,‡≤∞‡≤æ‡≤π‡≥Å‡≤≤‡≥ç (rahul),@iprashantm13 @Mangalahgd RG is as worst Modi or Mamata or Vijayan .. best bet is Chandrababu or @siddaramaiah for PM post from INC,[],0,0,
Sat Jun 05 18:05:38 +0000 2021,<generator object get_tweets.<locals>.<genexpr> at 0x000001A38D0CB820>,1401238799183581187,G5MSabir005,Mohd Sabir ( ŸÖÿ≠ŸÖÿØÿµÿßÿ®ÿ±),"RT @lilkarrr: Emotional #PR_Jeevi_Modi 
Digital #PR_Jeevi_Modi 
007 #PR_Jeevi_Modi 
0 Ache Din
0 Press Conference
7 #7YearsOfDisastrousRule‚Ä¶","['PR_Jeevi_Modi', 'PR_Jeevi_Modi', 'PR_Jeevi_Modi', '7YearsOfDisastrousRule']",0,81,"Allahabad, India"
Sat Jun 05 18:05:37 +0000 2021,<generator object get_tweets.<locals>.<genexpr> at 0x000001A38D0CB890>,1401238798323773445,Pax04528799,Pax Azaad,@BSYBJP @myogiadityanath Why did Modi missed to wish?ü§î,[],0,0,Morally Dead Nation
Sat Jun 05 18:05:37 +0000 2021,<generator object get_tweets.<locals>.<genexpr> at 0x000001A38D0CB900>,1401238796046241796,Santanu71485141,Santanu Gogoi,"RT @RohanBorah14: Now we are on trending 160k,40k more to 200k let's make it happen tonight......
#CancelAssamBoardExams
#CancelExamSaveStu‚Ä¶",['CancelAssamBoardExams'],0,20,"Assam, India"
Sat Jun 05 18:05:36 +0000 2021,<generator object get_tweets.<locals>.<genexpr> at 0x000001A38D0CB970>,1401238792887967744,hiteshamin9,H_A_007üáÆüá≥‚úã( CONGRESS ),"RT @RavinderKapur2: 'Narendra Modi's ' followers are of low quality .
  ~Javed Akhtar ~",[],0,49,
Sat Jun 05 18:05:36 +0000 2021,<generator object get_tweets.<locals>.<genexpr> at 0x000001A38D0CB9E0>,1401238792749543429,adrisht_agarwal,adishta kapoor,"RT @KirthiGanesh1: Priorities Matter! 

You know what his priorities are by now! Definitely not people! 

#PR_Jeevi_Modi https://t.co/tjfY9‚Ä¶",['PR_Jeevi_Modi'],0,251,"Surat, India"
Sat Jun 05 18:05:34 +0000 2021,<generator object get_tweets.<locals>.<genexpr> at 0x000001A38D0CBA50>,1401238783132012544,SujeetTm,Simply_Sujeet,"RT @AamAadmiParty: Why PM Modi, Why?

#ModiProtectsRationMafia https://t.co/dZiHFR8FMo",['ModiProtectsRationMafia'],0,915,"New Delhi, India"
Sat Jun 05 18:05:33 +0000 2021,<generator object get_tweets.<locals>.<genexpr> at 0x000001A38D0CBAC0>,1401238781135515652,HemantA14987349,Hemant Aggarwal,"RT @AamAadmiPartyWB: Why PM Modi, Why?

#ModiProtectsRationMafia https://t.co/uuU2ivrFnn",['ModiProtectsRationMafia'],0,100,"Delhi, India"
Sat Jun 05 18:05:31 +0000 2021,<generator object get_tweets.<locals>.<genexpr> at 0x000001A38D0CBB30>,1401238770452615168,rexrao52,rexrao52üáÆüá≥,RT @Vijendra1Verma: @Sassy_Hindu @myogiadityanath Yogi is showing skills in execution &amp; imagination both of which are generally lacking in‚Ä¶,[],0,1,India
Sat Jun 05 18:05:25 +0000 2021,<generator object get_tweets.<locals>.<genexpr> at 0x000001A38D0CBBA0>,1401238745039491077,aditya_deogiri,Aditya Deogiri,"RT @MNageswarRaoIPS: I fervently wish that Narendra Modi is .00000000000001% of what the author fantasises him to be.
So many blatant lies‚Ä¶",[],0,883,
Sat Jun 05 18:05:24 +0000 2021,<generator object get_tweets.<locals>.<genexpr> at 0x000001A38D0CBC10>,1401238743508393985,Maruti_800,Maruti 800,RT @MeghUpdates: TMC Govt Replaces PM Narendra Modi's Photo with CM Mamata Banerjee's Photo on #CoronaVaccination Certificates in #WestBeng‚Ä¶,['CoronaVaccination'],0,1304,"Gurgaon, India"
Sat Jun 05 18:05:24 +0000 2021,<generator object get_tweets.<locals>.<genexpr> at 0x000001A38D0CBC80>,1401238742463963137,khanMahmoodkh,Khan Mahmood INC,RT @KrisNair1: will Modi leave #Twitter and join #Koo ?,"['Twitter', 'Koo']",0,162,"New Delhi, India"
Sat Jun 05 18:05:23 +0000 2021,<generator object get_tweets.<locals>.<genexpr> at 0x000001A38D0CBCF0>,1401238737829330944,jerif_ahmed,JERIF,"RT @RohanBorah14: Now we are on trending 160k,40k more to 200k let's make it happen tonight......
#CancelAssamBoardExams
#CancelExamSaveStu‚Ä¶",['CancelAssamBoardExams'],0,20,
Sat Jun 05 18:05:23 +0000 2021,<generator object get_tweets.<locals>.<genexpr> at 0x000001A38D0CBD60>,1401238736029970432,DesaiRubina,Rubina Desai,"RT @kukk44: ‚ÄúTriumphalism 
Indian Govt Schizophrenia‚Äùled to Covid Mess

‚ÄúBut to seek the credit, and not the good work that generates the c‚Ä¶",[],0,47,goa
Sat Jun 05 18:05:21 +0000 2021,<generator object get_tweets.<locals>.<genexpr> at 0x000001A38D0CBDD0>,1401238729814065154,taizidang19732,taizidang1973,RT @neerangautam: @nrajabpcla @Harsh4Uever @SanskarBarot @shytigress @GauravModified @Dr_MR_Satapathy @drsjrathi @ArunDeshpande20 @gulwant_‚Ä¶,[],0,8,
Sat Jun 05 18:05:21 +0000 2021,<generator object get_tweets.<locals>.<genexpr> at 0x000001A38D0CBE40>,1401238729432391689,PradeepBestie,PraDeep SanataniüòçüíêüáÆüá≥,"RT @MrSinha_: Repeating again, Twitter is doing all this to estimate the outrage &amp; backlash if they suspend Modi ji‚Äôs account (same like Tr‚Ä¶",[],0,467,"California, USA, Bharat "
Sat Jun 05 18:05:21 +0000 2021,<generator object get_tweets.<locals>.<genexpr> at 0x000001A38D0CBEB0>,1401238728673140739,NuhuAmin2,Nuhu Amin,"RT @TheAnuragTyagi: Tamil Nadu CM MK Stalin writes to PM Modi urging him to cancel all national-level entrance examinations like NEET, due‚Ä¶",[],0,173,
Sat Jun 05 18:05:21 +0000 2021,<generator object get_tweets.<locals>.<genexpr> at 0x000001A38D0CBF20>,1401238728308400132,johnbla43361534,John Blair,Modi‚Äôs bulldozing of parliament shows him as the architect of a Hindu Taliban | Anish Kapoor https://t.co/5D1IVW3I34,[],0,0,
Sat Jun 05 18:05:20 +0000 2021,<generator object get_tweets.<locals>.<genexpr> at 0x000001A38D0CBF90>,1401238726018179072,narayandeep7,Deep Narayan,"RT @desimojito: Twitter want to implement all its policies for Indian accounts but don‚Äôt want to accept Indian policies. 

Jack is flying e‚Ä¶",[],0,141,
Sat Jun 05 18:05:20 +0000 2021,<generator object get_tweets.<locals>.<genexpr> at 0x000001A38D0CF040>,1401238724097105921,mr_pathan7,MAUSOOF RAFI (ŸÖŸàÿµŸàŸÅ ÿ±ŸÅ€å),RT @ndtv: Tamil Nadu Chief Minister MK Stalin writes to Prime Minister Modi urging him to cancel all national-level entrance examinations l‚Ä¶,[],0,49,"kakrala,India"
Sat Jun 05 18:05:19 +0000 2021,<generator object get_tweets.<locals>.<genexpr> at 0x000001A38D0CF0B0>,1401238719890300930,gr8india,!(‡§ó‡•ç‡§∞‡•á‡§ü ‡§á‡§Ç‡§°‡§ø‡§Ø‡§æ | ÿπÿ∏€åŸÖ ÿ®⁄æÿßÿ±ÿ™ | –≤–µ–ª–∏–∫–∞—è –ò–Ω–¥–∏—è),"RT @jagadisha1: Soon after that Modi Govt gets Undemocratic Law:

L-G Anil Baijal now ‚Äògovernment‚Äô in Delhi as Centre notifies amended GNCT‚Ä¶",[],0,3,India
Sat Jun 05 18:05:17 +0000 2021,<generator object get_tweets.<locals>.<genexpr> at 0x000001A38D0CF120>,1401238712634118148,1960_rani,Rani pradeep,"@NeetuGarg6 Please RT! Hon. PM Narendra Modi praised Indira
https://t.co/UznDmdsYJd
https://t.co/0xaCu0IqWx
https://t.co/2A9rdMlIw4",[],0,1,Trivandrum
Sat Jun 05 18:05:17 +0000 2021,<generator object get_tweets.<locals>.<genexpr> at 0x000001A38D0CF190>,1401238711635890177,RameezINC,Rameez Raza,"RT @pankajbajp16: The Beginning of #Modi Era 
#7YearsOfDisaster:First Impact 
Demonetisation:
‚òëA failure in unearthing the black money in t‚Ä¶","['Modi', '7YearsOfDisaster']",0,58,"Jharkhand, India"
Sat Jun 05 18:05:16 +0000 2021,<generator object get_tweets.<locals>.<genexpr> at 0x000001A38D0CF200>,1401238708905332746,_centre_right,Charansparsha,"@priyathedentico Narendra Damodardas Modi, LK Advani ji, Murli Manohar Joshi ji - some eminent ppl of bjpüôèüèªüôèüèªand na‚Ä¶ https://t.co/i7KkqDamc5",[],0,0,@
Sat Jun 05 18:05:15 +0000 2021,<generator object get_tweets.<locals>.<genexpr> at 0x000001A38D0CF270>,1401238702861389825,MdSamar56723427,Md Samar (ŸÖÿ≠ŸÖÿØÿ´ŸÖÿ±),"RT @Nher_who: Mamata Banerjee so far

- Crushed BJP in Election
- Protested against CBI
- Made Modi wait for 30 mins
- Cancelled transfer o‚Ä¶",[],0,1676,HJP-BPL-KTE and keepGoing
Sat Jun 05 18:05:14 +0000 2021,<generator object get_tweets.<locals>.<genexpr> at 0x000001A38D0CF2E0>,1401238699745054721,RanpariyaAshis2,Ranpariya Ashish,"RT @AamAadmiParty: Why PM Modi, Why?

#ModiProtectsRationMafia https://t.co/dZiHFR8FMo",['ModiProtectsRationMafia'],0,915,"Ahmadabad City, India"
Sat Jun 05 18:05:11 +0000 2021,<generator object get_tweets.<locals>.<genexpr> at 0x000001A38D0CF350>,1401238687304744960,TamimAbdus,ÿ™ŸÖŸäŸÖ ÿ¨ÿ®ÿßÿ±(MD: Abdus Tamim Zabbar ),"RT @Zai_di_Syeda_14: Modi Why didn‚Äôt you invited applications for citizenship for Assemese, Bengalis, etc. You discriminate not only Muslim‚Ä¶",[],0,40,"Assam, India"
Sat Jun 05 18:05:09 +0000 2021,<generator object get_tweets.<locals>.<genexpr> at 0x000001A38D0CF3C0>,1401238680803569664,HareKri46360389,Hare Krishna Singh,RT @free_indian_: @TajinderBagga Bullshit. Honestly. He has been one of the most incompetent ministers in the cabinet today. If u want to s‚Ä¶,[],0,2,
Sat Jun 05 18:05:09 +0000 2021,<generator object get_tweets.<locals>.<genexpr> at 0x000001A38D0CF430>,1401238677393534976,ASVROCT11,NTR Fan,"RT @desimojito: Twitter want to implement all its policies for Indian accounts but don‚Äôt want to accept Indian policies. 

Jack is flying e‚Ä¶",[],0,141,Jammu&kashmir
Sat Jun 05 18:05:08 +0000 2021,<generator object get_tweets.<locals>.<genexpr> at 0x000001A38D0CF4A0>,1401238675816546306,SandipAditya007,Bharat ki zameen Bangladesh mein hain.,"@goonereol @Adharma_dharma Another POK (Bangladesh)

The issue of legal Indian territory in Bangladesh was raised m‚Ä¶ https://t.co/Xqvzggqeun",[],0,0,Silchar
Sat Jun 05 18:05:06 +0000 2021,<generator object get_tweets.<locals>.<genexpr> at 0x000001A38D0CF510>,1401238668291936259,krissreddy,dr.subash vohra,"RT @priyapyadav18: Tomorrow is a Sunday all because of the able and visionary leadership of PM Modi ji.
#ThankYouModiJi",['ThankYouModiJi'],0,133,"Punjab, India"
